gene,mean_permutation_importance_delta_auc,importance_sd_across_folds,median_rank,top10_frequency,top20_frequency,top30_frequency,prespecified_hub
LBR,0.005041240477006155,0.0039443890073367965,2.0,0.7333333333333333,0.8,0.8,False
ABCG1,0.004540906050669669,0.004400399803087326,3.0,0.7333333333333333,0.8666666666666667,0.8666666666666667,True
VLDLR,0.004022170019086783,0.0028732417896604042,3.0,0.8666666666666667,0.9333333333333333,0.9333333333333333,True
G6PD,0.0017079560841123252,0.0014267988200799922,9.0,0.5333333333333333,0.8,0.8,True
PRKAA1,0.001690990065090796,0.0014956798233678166,9.0,0.5333333333333333,0.7333333333333333,0.7333333333333333,True
LIMA1,0.0011263479012708186,0.003145902907878446,11.0,0.4666666666666667,0.5333333333333333,0.6666666666666666,True
ARV1,0.0010566730289238181,0.0008337863403993264,14.0,0.4,0.5333333333333333,0.8,False
STARD3,0.0010971141454183572,0.0015321675250430044,15.0,0.3333333333333333,0.6,0.7333333333333333,False
HSD17B7,0.0012019935072350352,0.0012667337707026826,16.0,0.4,0.5333333333333333,0.6,True
ERLIN2,0.0005529127718233573,0.0018941862998603813,16.0,0.26666666666666666,0.5333333333333333,0.6,False
CYP7B1,0.0007444330250085683,0.001114980167033199,17.0,0.3333333333333333,0.5333333333333333,0.5333333333333333,False
PCSK9,0.0008713029576339127,0.0010150686790676652,24.0,0.13333333333333333,0.3333333333333333,0.6666666666666666,False
FDPS,0.0003583582113900855,0.0014080526429793374,24.0,0.26666666666666666,0.4666666666666667,0.5333333333333333,False
MVD,0.00040057749718593,0.0007001689030816741,25.0,0.0,0.3333333333333333,0.5333333333333333,False
FDXR,0.0006063557317411512,0.0009278135780264956,26.0,0.13333333333333333,0.3333333333333333,0.6,True
CAT,0.0004546403693371914,0.0007692906673135848,26.0,0.06666666666666667,0.3333333333333333,0.5333333333333333,False
MSMO1,0.0008292468066363264,0.0009042950666307937,26.0,0.3333333333333333,0.4666666666666667,0.6666666666666666,False
FAXDC2,0.00019897551346678658,0.0014402565002526488,27.0,0.26666666666666666,0.4666666666666667,0.5333333333333333,False
ERRFI1,0.0005598296872706025,0.0007910191211805352,29.0,0.06666666666666667,0.2,0.5333333333333333,False
LIPC,0.0005028467022300746,0.0008297820354300289,29.0,0.0,0.4,0.6,False
CYB5R3,0.0007368472568883992,0.0010783368204662247,31.0,0.2,0.3333333333333333,0.4666666666666667,False
APOA2,0.0002910161666585287,0.0007607445022499657,35.0,0.0,0.4,0.4666666666666667,False
NPC1L1,0.0008669309450398988,0.0013286252136237233,36.0,0.4,0.4666666666666667,0.4666666666666667,False
LDLRAP1,0.00034847224261409657,0.0006723063840045436,37.0,0.0,0.13333333333333333,0.3333333333333333,False
OSBPL1A,0.00032284376580369895,0.0006868421399688354,38.0,0.13333333333333333,0.13333333333333333,0.3333333333333333,False
PON1,0.00039052839361165034,0.0004626970949885617,39.0,0.06666666666666667,0.13333333333333333,0.3333333333333333,False
IDI1,0.00026171715688676195,0.0005343764790237056,42.0,0.06666666666666667,0.2,0.3333333333333333,False
TM7SF2,5.5482144896332734e-05,0.0010883892497107791,46.0,0.06666666666666667,0.26666666666666666,0.26666666666666666,False
IL4,0.00021616992120588948,0.0008549677256664895,47.0,0.06666666666666667,0.26666666666666666,0.4666666666666667,False
PRKAA2,0.00020713225338097864,0.0006047983343743252,47.0,0.0,0.26666666666666666,0.4,False
NPC2,0.0005248209595588981,0.0011788645431299188,48.0,0.13333333333333333,0.26666666666666666,0.3333333333333333,False
ABCA5,0.00015476598313185705,0.00043216126080045054,48.0,0.0,0.0,0.06666666666666667,False
NFE2L1,2.7732915708262128e-05,0.0007824024878196187,48.0,0.0,0.2,0.26666666666666666,False
CEL,0.00010049103574284384,0.0005229612758193276,49.0,0.0,0.06666666666666667,0.2,False
CYP2R1,-9.013197605180005e-05,0.0009343138000475413,49.0,0.06666666666666667,0.13333333333333333,0.3333333333333333,False
CH25H,0.0001792362028744347,0.0004944571743905504,50.0,0.06666666666666667,0.06666666666666667,0.13333333333333333,False
PPARD,0.0004457168958710704,0.002266729222175411,50.0,0.4,0.4,0.4666666666666667,False
ACAA2,0.0001302468229497992,0.0005620960630482956,50.0,0.0,0.13333333333333333,0.2,False
HDLBP,0.00015494543140998296,0.0003992956145468328,51.0,0.0,0.06666666666666667,0.06666666666666667,False
HMGCR,6.349206349205883e-05,0.0003903038388717371,52.0,0.0,0.0,0.13333333333333333,False
CYP39A1,-7.732589438651963e-05,0.0019688125171597208,53.0,0.2,0.3333333333333333,0.3333333333333333,False
CYP2C9,0.00016223755689327065,0.0005286105717087691,53.0,0.0,0.06666666666666667,0.2,False
LEP,2.965790632800668e-05,0.000436147251825122,53.0,0.0,0.0,0.13333333333333333,False
LSS,0.00010463465961924565,0.0003495014983306211,54.0,0.0,0.0,0.2,False
APOBR,7.507463417023796e-05,0.0004637174729357505,55.0,0.0,0.06666666666666667,0.26666666666666666,False
CYP27B1,4.114259612718239e-05,0.0005704666232044246,56.0,0.0,0.13333333333333333,0.2,False
CYP11A1,0.00012091551248797571,0.00046773939998433575,56.0,0.0,0.06666666666666667,0.2,False
LCAT,0.00013682115532064407,0.0005577305121097795,57.0,0.0,0.2,0.2,False
CYP27A1,0.00012527121160215885,0.0005429354389221617,57.0,0.0,0.13333333333333333,0.26666666666666666,False
FECH,0.00031385503841823006,0.0005939044386094007,57.0,0.06666666666666667,0.2,0.4,False
CFTR,9.332941809818102e-05,0.00038745165556112326,57.0,0.0,0.06666666666666667,0.06666666666666667,False
APOA1,0.00014998613354215705,0.0007456518128847593,58.0,0.06666666666666667,0.06666666666666667,0.13333333333333333,False
CYP46A1,0.00017297182662035692,0.0004211189522108631,58.0,0.0,0.13333333333333333,0.2,False
ABCA1,4.3442796782979786e-05,0.0004155907777775646,58.0,0.0,0.0,0.06666666666666667,False
APOL2,-8.515636470427547e-06,0.0005988233634281852,59.0,0.0,0.0,0.2,False
CES1,5.2610972446537716e-05,0.00025124689277381093,59.0,0.0,0.0,0.0,False
HMGCS1,0.0001296432241961609,0.00047047663481216377,59.0,0.0,0.06666666666666667,0.2,False
CYP2D6,2.0473417184634347e-05,0.0003257655080762167,59.0,0.0,0.0,0.06666666666666667,False
CUBN,0.00011597252809997311,0.0002293684964585638,60.0,0.0,0.0,0.0,False
DISP3,0.00010706536811366648,0.0007121617913999163,60.0,0.0,0.2,0.3333333333333333,False
CLN8,5.0147636992459904e-05,0.0002465447799974393,61.0,0.0,0.06666666666666667,0.06666666666666667,False
SREBF2,8.168159350073088e-05,0.00038383281872011326,62.0,0.0,0.0,0.2,False
APOE,9.380250901317077e-06,0.0004392912579621123,62.0,0.0,0.06666666666666667,0.06666666666666667,False
SULT1C3,0.00019548442878351667,0.0005348249401273197,62.0,0.06666666666666667,0.13333333333333333,0.26666666666666666,False
SC5D,2.7520840470495566e-05,0.0004052076801371756,63.0,0.0,0.06666666666666667,0.06666666666666667,False
CEBPA,-2.4812802818963142e-05,0.0003705658615774363,64.0,0.0,0.06666666666666667,0.06666666666666667,False
TSKU,3.4372501998398697e-05,0.00036011690109981294,64.0,0.0,0.0,0.13333333333333333,False
SMPD1,-8.680402616681348e-05,0.0005298979409189298,64.0,0.0,0.0,0.06666666666666667,False
CETP,2.9755787206970178e-05,0.00040006451772840225,64.0,0.0,0.0,0.0,False
LRP5,5.48785461426767e-05,0.0003785065091583501,65.0,0.0,0.0,0.06666666666666667,False
FDX1,0.00023574609699996988,0.0011122473943077924,66.0,0.13333333333333333,0.2,0.26666666666666666,False
CYP11B2,-2.044079022495963e-05,6.780849253544603e-05,67.0,0.0,0.0,0.0,False
DHCR7,0.00047482014388490284,0.00250239772597119,67.0,0.2,0.4666666666666667,0.4666666666666667,True
CYP7A1,-4.54656682816923e-05,0.00025591269546192835,68.0,0.0,0.0,0.06666666666666667,False
CYP11B1,-4.535147392277972e-06,0.00019367271549566398,68.0,0.0,0.0,0.0,False
ANGPTL3,-5.00660695932916e-05,0.00029833206376911505,68.0,0.0,0.0,0.06666666666666667,False
INSIG1,-1.5644627155408194e-05,0.00031462234341635305,68.0,0.0,0.0,0.06666666666666667,False
SOAT2,-0.00014072007699960905,0.0003532054712745695,69.0,0.0,0.0,0.06666666666666667,False
NSDHL,0.00016581020897570294,0.0007669977421485991,69.0,0.06666666666666667,0.26666666666666666,0.3333333333333333,True
MVK,-6.558018891009115e-05,0.0002448551060033727,69.0,0.0,0.0,0.0,False
APOB,-1.114210672277829e-05,0.000261732992326606,70.0,0.0,0.0,0.0,False
LIPE,-0.00030447478751692174,0.0008374598534349469,70.0,0.0,0.0,0.0,False
LDLR,0.0001024812802819112,0.0004510022171014887,70.0,0.0,0.06666666666666667,0.2,False
LEPR,-0.00023406580857762658,0.0006226855302391078,70.0,0.0,0.0,0.06666666666666667,False
SULT2A1,4.7667988058539544e-05,0.00026056853395268754,70.0,0.0,0.0,0.13333333333333333,False
APOA4,0.0,0.0,70.0,0.0,0.0,0.0,False
SOAT1,-8.367183803974943e-05,0.00045381701755816886,71.0,0.0,0.0,0.0,False
PMVK,4.698282190582027e-06,0.0005359554507568663,71.0,0.0,0.06666666666666667,0.13333333333333333,False
MBTPS2,0.00018034551950277738,0.000797371380662146,71.0,0.0,0.2,0.4,False
SCAP,-7.062105417705874e-05,0.00025133542963886316,71.0,0.0,0.0,0.0,False
CYP51A1,-4.778218241732486e-05,0.0005304073078302692,72.0,0.0,0.06666666666666667,0.13333333333333333,False
MBTPS1,-5.2072627612179314e-05,0.0006693805828452515,72.0,0.0,0.13333333333333333,0.26666666666666666,False
CYP1A2,2.946214457007083e-05,0.00020525036270511665,72.0,0.0,0.06666666666666667,0.06666666666666667,False
ERLIN1,-1.5824075433526673e-05,0.00023252168223799176,72.0,0.0,0.0,0.0,False
ACLY,-0.00015884435308895532,0.00025771732037185933,74.0,0.0,0.0,0.0,False
APOC1,-1.5171536240388898e-05,0.0004311673550219514,75.0,0.0,0.0,0.13333333333333333,False
NR0B2,-0.00012011615197637937,0.00024644317553278926,75.0,0.0,0.0,0.0,False
GBA2,-7.336171878823183e-05,0.0004901840784031185,76.0,0.0,0.0,0.06666666666666667,False
APOA5,4.7227524103172774e-05,0.0004895036115354657,76.0,0.0,0.13333333333333333,0.2,False
SQLE,-8.856588198828064e-05,0.00032446462725878875,77.0,0.0,0.0,0.06666666666666667,False
LIPA,-9.716308585782614e-05,0.00033093169951182983,77.0,0.0,0.0,0.0,False
STAR,-2.9641592848170064e-05,0.00028316867275537765,78.0,0.0,0.0,0.06666666666666667,False
CLN6,-4.983768087569283e-05,0.0003787640726576145,79.0,0.0,0.0,0.06666666666666667,False
APOL1,-2.7080376515110995e-05,0.0006158881717416041,80.0,0.06666666666666667,0.06666666666666667,0.13333333333333333,False
SREBF1,-0.0001560710615181252,0.001102277292789304,80.0,0.06666666666666667,0.13333333333333333,0.2,False
EBP,-0.00016584283593533034,0.000742917192458967,81.0,0.0,0.13333333333333333,0.13333333333333333,False
PIP4P1,-0.00021553369549257652,0.00042375492315690214,81.0,0.0,0.0,0.13333333333333333,False
INSIG2,-4.9805053916050696e-05,0.00031021803184297017,81.0,0.0,0.0,0.06666666666666667,False
NPC1,-0.0002563173950635441,0.0009301753679800362,82.0,0.0,0.0,0.06666666666666667,False
MARCHF6,1.2284050310776476e-05,0.0006687666875822878,85.0,0.0,0.13333333333333333,0.3333333333333333,False
CYP3A4,-0.0002362518148746181,0.0005568083137523554,86.0,0.0,0.06666666666666667,0.13333333333333333,False
IDI2,-0.00016581020897567638,0.00035602452804414436,86.0,0.0,0.0,0.13333333333333333,False
FDFT1,-0.0001522210802786317,0.0002593008378669666,87.0,0.0,0.0,0.0,False
OSBPL5,-4.967454607741101e-05,0.0007576134437452416,88.0,0.0,0.13333333333333333,0.2,False
APOF,-0.0007099789556110102,0.0026667360835940907,91.0,0.3333333333333333,0.3333333333333333,0.3333333333333333,False
DHCR24,-0.0004596812346041457,0.001146865955910427,100.0,0.06666666666666667,0.06666666666666667,0.13333333333333333,True
PLPP6,-0.0008691658917763628,0.0015070638715308446,106.0,0.0,0.13333333333333333,0.2,False
HMGCS2,-0.0007945154080816965,0.0016376670564325002,108.0,0.06666666666666667,0.13333333333333333,0.2,True
SULT2B1,-0.0004967291472944036,0.00148739170484889,109.0,0.06666666666666667,0.2,0.26666666666666666,False
