family,feature,transformation,model,covariates,n,unadjusted_Kruskal_P,global_subtype_F,global_subtype_P,partial_R2_subtype,global_subtype_FDR_all_features,global_subtype_FDR_within_family
ESTIMATE,StromalScore,none,ER,stage + ER,899,4.2213607616451284e-22,32.18206028061357,9.327666946937498e-20,0.09756611941011746,1.5546111578229164e-18,2.7983000840812493e-19
ESTIMATE,StromalScore,none,PAM50,stage + PAM50,755,4.2213607616451284e-22,9.264705449593933,5.07610366800957e-06,0.035919265553388896,8.46017278001595e-05,1.522831100402871e-05
ESTIMATE,ImmuneScore,none,ER,stage + ER,899,0.001859974542947338,1.0775584028464393,0.35769825738226024,0.003606959775023964,0.39744250820251137,0.35769825738226024
ESTIMATE,ImmuneScore,none,PAM50,stage + PAM50,755,0.001859974542947338,1.6708611231167583,0.1718584718551634,0.006674433265634207,0.24551210265023343,0.17185847185516337
ESTIMATE,ESTIMATEScore,none,ER,stage + ER,899,3.5174061656278774e-06,12.055175118564847,9.682008610655818e-08,0.038922586308666574,4.84100430532791e-07,1.4523012915983726e-07
ESTIMATE,ESTIMATEScore,none,PAM50,stage + PAM50,755,3.5174061656278774e-06,4.703611801931089,0.0029210004000204738,0.01856418136476116,0.01495204621763136,0.004381500600030711
Marker score,CD8_T,none,ER,stage + ER + ESTIMATEScore,899,7.778613091624726e-05,11.229057245402295,3.090258598251249e-07,0.036391529195574424,1.2876077492713538e-06,1.390616369213062e-06
Marker score,CD8_T,none,PAM50,stage + PAM50 + ESTIMATEScore,755,7.778613091624726e-05,4.234905936039454,0.005570853168184142,0.016767373238575658,0.020913471376453746,0.021331740803982823
Marker score,CD4_T,none,ER,stage + ER + ESTIMATEScore,899,1.3708162126844778e-05,3.2094092122064217,0.022474872254474365,0.010678711403986458,0.029572200334834688,0.022474872254474365
Marker score,CD4_T,none,PAM50,stage + PAM50 + ESTIMATEScore,755,1.3708162126844778e-05,0.31863455269709556,0.8119134468845477,0.0012814479427049684,0.9021260520939418,0.9134026277451162
Marker score,Treg,none,ER,stage + ER + ESTIMATEScore,899,4.311492240468396e-11,5.982274640485059,0.0004885976713105123,0.019722937043851158,0.0009771953426210246,0.0006281970059706587
Marker score,Treg,none,PAM50,stage + PAM50 + ESTIMATEScore,755,4.311492240468396e-11,0.08006661909863602,0.9708314873839635,0.00032231199731563506,0.9708314873839634,0.9708314873839635
Marker score,NK,none,ER,stage + ER + ESTIMATEScore,899,3.8652464476226295e-05,9.72642761134515,2.5540910639002593e-06,0.03167600854446544,8.51363687966753e-06,7.662273191700778e-06
Marker score,NK,none,PAM50,stage + PAM50 + ESTIMATEScore,755,3.8652464476226295e-05,4.057108763746159,0.007110580267994274,0.016074732188890228,0.020913471376453746,0.021331740803982823
Marker score,B_cell,none,ER,stage + ER + ESTIMATEScore,899,0.00016248434066564726,5.2237758278089625,0.0014061571716287482,0.017265420873078124,0.0025109949493370503,0.0015819268180823417
Marker score,B_cell,none,PAM50,stage + PAM50 + ESTIMATEScore,755,0.00016248434066564726,2.799768236567083,0.03916595798718968,0.011148543218974242,0.08901354087997654,0.07049872437694142
Marker score,Macrophage,none,ER,stage + ER + ESTIMATEScore,899,0.00023055425488111738,8.00826190482436,2.8575561676316043e-05,0.026227222329725977,7.519884651662116e-05,6.42950137717111e-05
Marker score,Macrophage,none,PAM50,stage + PAM50 + ESTIMATEScore,755,0.00023055425488111738,2.4262807766229266,0.06438892802245598,0.009675723841076818,0.13997593048359996,0.09658339203368398
Marker score,DC,none,ER,stage + ER + ESTIMATEScore,899,8.371359211055947e-10,6.5290271211410165,0.0002274870755395444,0.02148679129384706,0.0005416358941417724,0.0004094767359711799
Marker score,DC,none,PAM50,stage + PAM50 + ESTIMATEScore,755,8.371359211055947e-10,1.4437553051176768,0.22876405181666226,0.005780175087265482,0.3177278497453642,0.29412520947856574
Marker score,Neutrophil,none,ER,stage + ER + ESTIMATEScore,899,1.5650779842252328e-10,6.389732867025893,0.00027644376919350937,0.021038023048307868,0.0006282812936216122,0.0004146656537902641
Marker score,Neutrophil,none,PAM50,stage + PAM50 + ESTIMATEScore,755,1.5650779842252328e-10,9.61392172542716,3.116930648336646e-06,0.03727088207717932,7.792326620841616e-05,2.8052375835029814e-05
Marker score,Stroma,none,ER,stage + ER + ESTIMATEScore,899,2.1802658106395982e-23,16.367816150621053,2.3187588809423095e-10,0.05217646214413459,1.2881993783012832e-09,2.0868829928480784e-09
Marker score,Stroma,none,PAM50,stage + PAM50 + ESTIMATEScore,755,2.1802658106395982e-23,2.828972585180493,0.03766363215683627,0.011263523699684119,0.08901354087997654,0.07049872437694142
ssGSEA,CD8_T,none,ER,stage + ER + ESTIMATEScore,899,5.169923143741661e-05,11.249861256374288,3.0012436138925776e-07,0.03645649359269908,1.2876077492713538e-06,9.003730841677733e-07
ssGSEA,CD8_T,none,PAM50,stage + PAM50 + ESTIMATEScore,755,5.169923143741661e-05,5.953011976704165,0.0005168476023586769,0.02341066316182248,0.004307063352988974,0.002325814210614046
ssGSEA,CD4_T,none,ER,stage + ER + ESTIMATEScore,899,0.0002295179044711022,1.659804568084276,0.17412960677820377,0.005551313249976785,0.20729715092643305,0.17412960677820377
ssGSEA,CD4_T,none,PAM50,stage + PAM50 + ESTIMATEScore,755,0.0002295179044711022,1.2297698176929057,0.29783144544371026,0.0049276908411765305,0.3818351864662952,0.29783144544371026
ssGSEA,Treg,none,ER,stage + ER + ESTIMATEScore,899,7.391900583466248e-15,20.679591407570314,5.84974951375714e-13,0.0650275186910051,7.312186892196424e-12,5.264774562381426e-12
ssGSEA,Treg,none,PAM50,stage + PAM50 + ESTIMATEScore,755,7.391900583466248e-15,6.16834099061785,0.00038302698727486154,0.024236936778522983,0.004307063352988974,0.002325814210614046
ssGSEA,NK,none,ER,stage + ER + ESTIMATEScore,899,0.026452088264221983,5.007531967225568,0.001898915881145609,0.016562537658439094,0.0031648598019093487,0.0028483738217184138
ssGSEA,NK,none,PAM50,stage + PAM50 + ESTIMATEScore,755,0.026452088264221983,3.9419118770972945,0.008326237955385618,0.015625440672188122,0.02312843876496005,0.014987228319694113
ssGSEA,B_cell,none,ER,stage + ER + ESTIMATEScore,899,0.4200112301404765,2.640020992470799,0.04835096781754317,0.008800851656988991,0.061988420278901495,0.05439483879473606
ssGSEA,B_cell,none,PAM50,stage + PAM50 + ESTIMATEScore,755,0.4200112301404765,2.04490574360079,0.10620798523609269,0.00816726625740206,0.19668145414091237,0.15882956585957017
ssGSEA,Macrophage,none,ER,stage + ER + ESTIMATEScore,899,0.03671747754564198,4.160708821151963,0.0061240808158298824,0.013800301960925711,0.008748686879756974,0.007873818191781278
ssGSEA,Macrophage,none,PAM50,stage + PAM50 + ESTIMATEScore,755,0.03671747754564198,1.7210032059546791,0.16123025599654636,0.006882516935211315,0.23710331764197992,0.18138403799611466
ssGSEA,DC,none,ER,stage + ER + ESTIMATEScore,899,2.9783760206695477e-10,5.9932393386694045,0.00048117289519849447,0.019758372258239624,0.0009771953426210246,0.00086611121135729
ssGSEA,DC,none,PAM50,stage + PAM50 + ESTIMATEScore,755,2.9783760206695477e-10,1.9283637876103499,0.12353410677966568,0.007705389237724348,0.2003875905332057,0.15882956585957017
ssGSEA,Neutrophil,none,ER,stage + ER + ESTIMATEScore,899,6.071847085761196e-05,8.248855220677648,2.0380688869290168e-05,0.026993900592539543,5.6613024636917135e-05,4.5856549955902876e-05
ssGSEA,Neutrophil,none,PAM50,stage + PAM50 + ESTIMATEScore,755,6.071847085761196e-05,4.122402754338016,0.006501445730730019,0.016329210095295327,0.020913471376453746,0.014628252894142543
ssGSEA,Stroma,none,ER,stage + ER + ESTIMATEScore,899,1.0502965000877526e-23,18.48061263782124,1.227521211589383e-11,0.05851740517978645,1.0229343429911525e-10,5.5238454521522236e-11
ssGSEA,Stroma,none,PAM50,stage + PAM50 + ESTIMATEScore,755,1.0502965000877526e-23,5.21081470123795,0.0014484611276055067,0.020551902860433773,0.009052882047534417,0.00434538338281652
CIBERSORT,B.cells.naive,arcsine_sqrt,ER,stage + ER + ESTIMATEScore,899,4.04362877307951e-05,4.272664664805278,0.005248888978687522,0.014166378298722188,0.007952862088920487,0.010497777957375044
CIBERSORT,B.cells.naive,arcsine_sqrt,PAM50,stage + PAM50 + ESTIMATEScore,755,4.04362877307951e-05,0.7704339255087896,0.5107470792659685,0.0030928232599077344,0.6228622917877664,0.7462358762023767
CIBERSORT,B.cells.memory,arcsine_sqrt,ER,stage + ER + ESTIMATEScore,899,0.021259407582480926,1.569190215095847,0.19530934620540638,0.005249839300341677,0.22710389093651903,0.2527532715599377
CIBERSORT,B.cells.memory,arcsine_sqrt,PAM50,stage + PAM50 + ESTIMATEScore,755,0.021259407582480926,0.46011204321392096,0.7102332631782642,0.00184937365418749,0.8070832536116638,0.8680628772178784
CIBERSORT,Plasma.cells,arcsine_sqrt,ER,stage + ER + ESTIMATEScore,899,0.568115933796556,0.7787581169385377,0.5059387142535057,0.002612299666041699,0.5499333850581584,0.6183695396431736
CIBERSORT,Plasma.cells,arcsine_sqrt,PAM50,stage + PAM50 + ESTIMATEScore,755,0.568115933796556,0.6603243797569837,0.5766368134291093,0.0026519726880668594,0.6705079225919875,0.7462358762023767
CIBERSORT,T.cells.CD8,arcsine_sqrt,ER,stage + ER + ESTIMATEScore,899,0.011025774217322693,4.571774881952654,0.0034731235437918573,0.015143085550882958,0.005426755537174777,0.007640871796342086
CIBERSORT,T.cells.CD8,arcsine_sqrt,PAM50,stage + PAM50 + ESTIMATEScore,755,0.011025774217322693,1.8506720969129788,0.1365519772715502,0.007397243855498843,0.21336246448679716,0.30041434999741046
CIBERSORT,T.cells.CD4.naive,arcsine_sqrt,ER,stage + ER + ESTIMATEScore,899,0.4451828816200498,0.5063028743110904,0.6780147516292332,0.0016999177166537767,0.7062653662804513,0.7458162267921565
CIBERSORT,T.cells.CD4.naive,arcsine_sqrt,PAM50,stage + PAM50 + ESTIMATEScore,755,0.4451828816200498,0.23198622838640467,0.8741207923320281,0.0009333008675363563,0.9200941811052834,0.9253518621401707
CIBERSORT,T.cells.CD4.memory.resting,arcsine_sqrt,ER,stage + ER + ESTIMATEScore,899,1.3432898866256477e-10,9.2721234396166,4.8375114043034726e-06,0.030241221200713566,1.5117223138448351e-05,3.54750836315588e-05
CIBERSORT,T.cells.CD4.memory.resting,arcsine_sqrt,PAM50,stage + PAM50 + ESTIMATEScore,755,1.3432898866256477e-10,4.437536246513787,0.004215778024520206,0.01755556822623512,0.01756574176883419,0.04339048286702149
CIBERSORT,T.cells.CD4.memory.activated,arcsine_sqrt,ER,stage + ER + ESTIMATEScore,899,4.549571963195567e-10,2.4930701337627954,0.05879947069753379,0.0083150453226725,0.07349933837191723,0.08623922368971622
CIBERSORT,T.cells.CD4.memory.activated,arcsine_sqrt,PAM50,stage + PAM50 + ESTIMATEScore,755,4.549571963195567e-10,0.2189179690636202,0.8832904138610721,0.0008807724247779085,0.9200941811052834,0.9253518621401707
CIBERSORT,T.cells.follicular.helper,arcsine_sqrt,ER,stage + ER + ESTIMATEScore,899,1.3836720950965988e-20,7.900076235649284,3.326436352716009e-05,0.025882082327766523,8.316090881790022e-05,0.0001463631995195044
CIBERSORT,T.cells.follicular.helper,arcsine_sqrt,PAM50,stage + PAM50 + ESTIMATEScore,755,1.3836720950965988e-20,0.27010103269484953,0.8469764871242452,0.00108647345674706,0.9200941811052834,0.9253518621401707
CIBERSORT,T.cells.regulatory..Tregs.,arcsine_sqrt,ER,stage + ER + ESTIMATEScore,899,1.09923608279507e-06,6.288859368952545,0.00031833215877703015,0.020712778973699834,0.0006920264321239785,0.0011672179155157772
CIBERSORT,T.cells.regulatory..Tregs.,arcsine_sqrt,PAM50,stage + PAM50 + ESTIMATEScore,755,1.09923608279507e-06,2.3135435743567068,0.07471876257339154,0.009230290849419818,0.14943752514678307,0.27396879610243563
CIBERSORT,T.cells.gamma.delta,arcsine_sqrt,ER,stage + ER + ESTIMATEScore,899,0.1506164233098493,0.67920582337213,0.5648792672325106,0.002279118272318668,0.6009353906728836,0.6540707304797491
CIBERSORT,T.cells.gamma.delta,arcsine_sqrt,PAM50,stage + PAM50 + ESTIMATEScore,755,0.1506164233098493,1.9946527408113865,0.11337246915350775,0.007968157184872609,0.2003875905332057,0.30041434999741046
CIBERSORT,NK.cells.resting,arcsine_sqrt,ER,stage + ER + ESTIMATEScore,899,0.647793991216276,0.2876599430505897,0.8343352646195472,0.0009665310900412728,0.8513625149179054,0.8740655153157161
CIBERSORT,NK.cells.resting,arcsine_sqrt,PAM50,stage + PAM50 + ESTIMATEScore,755,0.647793991216276,0.6606349590121162,0.5764428553926011,0.002653216716625281,0.6705079225919875,0.7462358762023767
CIBERSORT,NK.cells.activated,arcsine_sqrt,ER,stage + ER + ESTIMATEScore,899,8.65541085826909e-06,5.66511573852748,0.0007605975664826836,0.018696847313511858,0.0014626876278513146,0.0023904494946598623
CIBERSORT,NK.cells.activated,arcsine_sqrt,PAM50,stage + PAM50 + ESTIMATEScore,755,8.65541085826909e-06,4.674749676536967,0.0030399365625393723,0.018476681143639973,0.01495204621763136,0.04339048286702149
CIBERSORT,Monocytes,arcsine_sqrt,ER,stage + ER + ESTIMATEScore,899,1.0116363308371473e-06,10.649009166129671,6.982152160892995e-07,0.03457668735066601,2.6854431388049982e-06,7.680367376982294e-06
CIBERSORT,Monocytes,arcsine_sqrt,PAM50,stage + PAM50 + ESTIMATEScore,755,1.0116363308371473e-06,1.3641387886364145,0.25254020986161785,0.0054631661948506775,0.34127055386705113,0.4464630054106482
CIBERSORT,Macrophages.M0,arcsine_sqrt,ER,stage + ER + ESTIMATEScore,899,1.285457773532436e-09,8.410963715463625,1.622933118653203e-05,0.027509797555181313,4.773332701921185e-05,8.926132152592616e-05
CIBERSORT,Macrophages.M0,arcsine_sqrt,PAM50,stage + PAM50 + ESTIMATEScore,755,1.285457773532436e-09,3.775382314568999,0.010455570514916888,0.014975215374313903,0.027514659249781283,0.057505637832042884
CIBERSORT,Macrophages.M1,arcsine_sqrt,ER,stage + ER + ESTIMATEScore,899,4.4687503977758767e-10,4.587124196683552,0.0034001778859561165,0.015193154628243437,0.005426755537174777,0.007640871796342086
CIBERSORT,Macrophages.M1,arcsine_sqrt,PAM50,stage + PAM50 + ESTIMATEScore,755,4.4687503977758767e-10,2.3895699152790493,0.06759025496611265,0.009530720505855,0.14081303117940136,0.27396879610243563
CIBERSORT,Macrophages.M2,arcsine_sqrt,ER,stage + ER + ESTIMATEScore,899,2.7057136253046625e-10,5.1974865868779965,0.0014585007928971062,0.017180023470827758,0.002514656539477769,0.004010877180467042
CIBERSORT,Macrophages.M2,arcsine_sqrt,PAM50,stage + PAM50 + ESTIMATEScore,755,2.7057136253046625e-10,0.1188183779316483,0.949052728532609,0.0004782344492219626,0.9684211515638868,0.9490527285326089
CIBERSORT,Dendritic.cells.resting,arcsine_sqrt,ER,stage + ER + ESTIMATEScore,899,0.5686332323696106,0.10970038497386905,0.9544415575440647,0.00036881141105412664,0.9544415575440647,0.9544415575440648
CIBERSORT,Dendritic.cells.resting,arcsine_sqrt,PAM50,stage + PAM50 + ESTIMATEScore,755,0.5686332323696106,1.7222526732868682,0.16097348131772202,0.0068874793032668805,0.23710331764197992,0.32194696263544403
CIBERSORT,Dendritic.cells.activated,arcsine_sqrt,ER,stage + ER + ESTIMATEScore,899,1.6045224030423981e-09,3.8714312151284513,0.009112676439236956,0.012853153969633055,0.012656495054495773,0.015421452435631772
CIBERSORT,Dendritic.cells.activated,arcsine_sqrt,PAM50,stage + PAM50 + ESTIMATEScore,755,1.6045224030423981e-09,1.1004858899473715,0.3481477991452153,0.004411935371771987,0.43518474893151915,0.547089398656767
CIBERSORT,Mast.cells.resting,arcsine_sqrt,ER,stage + ER + ESTIMATEScore,899,6.473034439987581e-48,35.98947369002489,5.847143297996682e-22,0.10797183070495042,2.923571648998341e-20,1.28637152555927e-20
CIBERSORT,Mast.cells.resting,arcsine_sqrt,PAM50,stage + PAM50 + ESTIMATEScore,755,6.473034439987581e-48,1.9494253206759755,0.120214633897538,0.0077888917764841305,0.2003875905332057,0.30041434999741046
CIBERSORT,Mast.cells.activated,arcsine_sqrt,ER,stage + ER + ESTIMATEScore,899,7.71505931680616e-05,3.441862485323517,0.016389854654616686,0.01144330560887967,0.022148452235968497,0.02575548588582622
CIBERSORT,Mast.cells.activated,arcsine_sqrt,PAM50,stage + PAM50 + ESTIMATEScore,755,7.71505931680616e-05,1.3287470964437422,0.26381904865174666,0.005322182263948095,0.34713032717335085,0.4464630054106482
CIBERSORT,Eosinophils,arcsine_sqrt,ER,stage + ER + ESTIMATEScore,899,0.01872848547107683,4.177964971112767,0.005980313674610073,0.013856744323040708,0.008748686879756974,0.010963908403451801
CIBERSORT,Eosinophils,arcsine_sqrt,PAM50,stage + PAM50 + ESTIMATEScore,755,0.01872848547107683,1.9239529196776344,0.12424030613058754,0.007687899715065684,0.2003875905332057,0.30041434999741046
CIBERSORT,Neutrophils,arcsine_sqrt,ER,stage + ER + ESTIMATEScore,899,0.06283292727389232,2.1048526329533828,0.09807150610421242,0.007029339381552241,0.11959939768806394,0.13484832089329207
CIBERSORT,Neutrophils,arcsine_sqrt,PAM50,stage + PAM50 + ESTIMATEScore,755,0.06283292727389232,4.191035529359115,0.005916884027321112,0.016596558772662244,0.020913471376453746,0.04339048286702149
Checkpoint,CD274,none,ER,stage + ER + ESTIMATEScore,899,5.663239326358574e-10,1.3443593421831401,0.2586444223478035,0.004501036987866558,0.2939141163043221,0.2586444223478035
Checkpoint,CD274,none,PAM50,stage + PAM50 + ESTIMATEScore,755,5.663239326358574e-10,2.838104517277344,0.03720556007202974,0.011299471554426363,0.08901354087997654,0.04340648675070136
Checkpoint,PDCD1,none,ER,stage + ER + ESTIMATEScore,899,4.869707331453713e-05,16.867330731408607,1.1561392610355888e-10,0.053683307072619826,7.225870381472431e-10,2.0232437068122804e-10
Checkpoint,PDCD1,none,PAM50,stage + PAM50 + ESTIMATEScore,755,4.869707331453713e-05,5.979686243209729,0.000498021469963982,0.023513095213003692,0.004307063352988974,0.0017430751448739368
Checkpoint,CTLA4,none,ER,stage + ER + ESTIMATEScore,899,1.2554019288741898e-10,17.124545919370036,8.081584727486043e-11,0.05445735994933833,5.772560519632888e-10,1.8857031030800767e-10
Checkpoint,CTLA4,none,PAM50,stage + PAM50 + ESTIMATEScore,755,1.2554019288741898e-10,2.2275884648003546,0.08365638860656895,0.008890406567848709,0.16087767039724796,0.08365638860656895
Checkpoint,LAG3,none,ER,stage + ER + ESTIMATEScore,899,3.229838329106842e-15,35.355319172348935,1.3565253053673078e-21,0.10627149109555241,3.3913132634182695e-20,9.495677137571154e-21
Checkpoint,LAG3,none,PAM50,stage + PAM50 + ESTIMATEScore,755,3.229838329106842e-15,11.671994288974133,1.7622769121062528e-07,0.044891365864353626,8.811384560531264e-06,1.233593838474377e-06
Checkpoint,HAVCR2,none,ER,stage + ER + ESTIMATEScore,899,0.1161921055032961,9.992966196035393,1.7558853844859944e-06,0.03251581856592929,6.2710192303071226e-06,2.458239538280392e-06
Checkpoint,HAVCR2,none,PAM50,stage + PAM50 + ESTIMATEScore,755,0.1161921055032961,4.617572683513785,0.003289450167878899,0.018254817728173087,0.01495204621763136,0.005756537793788073
Checkpoint,IDO1,none,ER,stage + ER + ESTIMATEScore,899,1.706139845918592e-20,20.274381234693838,1.023795040561577e-12,0.06383466239876659,1.0237950405615769e-11,3.583282641965519e-12
Checkpoint,IDO1,none,PAM50,stage + PAM50 + ESTIMATEScore,755,1.706139845918592e-20,5.585765198430426,0.0008610497948320986,0.021998208211705988,0.006150355677372133,0.0020091161879415634
Checkpoint,CD8A,none,ER,stage + ER + ESTIMATEScore,899,0.1077345576893322,5.623673700553098,0.0008058338305921117,0.018562613077056436,0.0014922848714668735,0.0009401394690241304
Checkpoint,CD8A,none,PAM50,stage + PAM50 + ESTIMATEScore,755,0.1077345576893322,4.083576229761689,0.006857129355465256,0.01617790280702626,0.020913471376453746,0.009599981097651358
