control,iteration,auc
Locked 11-gene model,0,0.944969003338102
Random 11-gene set,1,0.7812793787042714
Permuted ER labels,1,0.48512160228898427
Random 11-gene set,2,0.8479187955582804
Permuted ER labels,2,0.47238912732474964
Random 11-gene set,3,0.8347026364193747
Permuted ER labels,3,0.4452619388241706
Random 11-gene set,4,0.8867974657674227
Permuted ER labels,4,0.5285169289461135
Random 11-gene set,5,0.8018257374480551
Permuted ER labels,5,0.4942571019824239
Random 11-gene set,6,0.7665304176033791
Permuted ER labels,6,0.5109816745009879
Random 11-gene set,7,0.8629947544110634
Permuted ER labels,7,0.4756795422031474
Random 11-gene set,8,0.87714421963349
Permuted ER labels,8,0.49318073438245114
Random 11-gene set,9,0.8245452687512773
Permuted ER labels,9,0.5079841951086587
Random 11-gene set,10,0.8097077457592479
Permuted ER labels,10,0.46777028407929694
Random 11-gene set,11,0.8815246270181893
Permuted ER labels,11,0.49821513727093125
Random 11-gene set,12,0.881981061380203
Permuted ER labels,12,0.4794059540840656
Random 11-gene set,13,0.8168540091286872
Permuted ER labels,13,0.503508413379658
Random 11-gene set,14,0.8689284011172422
Permuted ER labels,14,0.49010831800531374
Random 11-gene set,15,0.8542748143606513
Permuted ER labels,15,0.4866748416104639
Random 11-gene set,16,0.8390081068192655
Permuted ER labels,16,0.511996730022481
Random 11-gene set,17,0.7894815723141904
Permuted ER labels,17,0.46332856461611827
Random 11-gene set,18,0.8008583690987124
Permuted ER labels,18,0.5091899993187547
Random 11-gene set,19,0.8440561346140746
Permuted ER labels,19,0.5043190953062198
Random 11-gene set,20,0.8377614278901833
Permuted ER labels,20,0.4543361264391307
Random 11-gene set,21,0.8360515021459227
Permuted ER labels,21,0.5083316302200422
Random 11-gene set,22,0.8343688262143198
Permuted ER labels,22,0.5044212821036855
Random 11-gene set,23,0.9007016826759315
Permuted ER labels,23,0.5277403092853736
Random 11-gene set,24,0.8254921997411269
Permuted ER labels,24,0.4600722120035425
Random 11-gene set,25,0.780209823557463
Permuted ER labels,25,0.5034811635670006
Random 11-gene set,26,0.8279242455208122
Permuted ER labels,26,0.5059949587846583
Random 11-gene set,27,0.8713536344437632
Permuted ER labels,27,0.5110157367668098
Random 11-gene set,28,0.8411949042850331
Permuted ER labels,28,0.48796239525853263
Random 11-gene set,29,0.8032904148783977
Permuted ER labels,29,0.43047891545745626
Random 11-gene set,30,0.8721779412766537
Permuted ER labels,30,0.44276858096600585
Random 11-gene set,31,0.8772123441651339
Permuted ER labels,31,0.4591661557326794
Random 11-gene set,32,0.8162000136249064
Permuted ER labels,32,0.492274678111588
Random 11-gene set,33,0.7087063151440834
Permuted ER labels,33,0.5202466108045507
Random 11-gene set,34,0.8796035152258328
Permuted ER labels,34,0.4253900129436611
Random 11-gene set,35,0.804394032291028
Permuted ER labels,35,0.5352544451256898
Random 11-gene set,36,0.8553511819606241
Permuted ER labels,36,0.48101369303086045
Random 11-gene set,37,0.8253559506778392
Permuted ER labels,37,0.4673070372641188
Random 11-gene set,38,0.8572791062061449
Permuted ER labels,38,0.45862115947952853
Random 11-gene set,39,0.8068465154302065
Permuted ER labels,39,0.48868451529395734
Random 11-gene set,40,0.8712037604741468
Permuted ER labels,40,0.48495129095987466
Random 11-gene set,41,0.8773894679474079
Permuted ER labels,41,0.48417467129913483
Random 11-gene set,42,0.8552762449758158
Permuted ER labels,42,0.48617753252946383
Random 11-gene set,43,0.8739151168335717
Permuted ER labels,43,0.459390966687104
Random 11-gene set,44,0.8234689011513048
Permuted ER labels,44,0.509551059336467
Random 11-gene set,45,0.8024661080455071
Permuted ER labels,45,0.4862115947952858
Random 11-gene set,46,0.7705770147830233
Permuted ER labels,46,0.5131139723414402
Random 11-gene set,47,0.8984195108658628
Permuted ER labels,47,0.5040125349138225
Random 11-gene set,48,0.8357721915661831
Permuted ER labels,48,0.45240820219361
Random 11-gene set,49,0.8656992983173242
Permuted ER labels,49,0.48811908168131346
Random 11-gene set,50,0.82994073165747
Permuted ER labels,50,0.5010286804278221
Random 11-gene set,51,0.8144355882553307
Permuted ER labels,51,0.5120171673819742
Random 11-gene set,52,0.8946726616254512
Permuted ER labels,52,0.4631650657401731
Random 11-gene set,53,0.8345868247155801
Permuted ER labels,53,0.5090741876149601
Random 11-gene set,54,0.8625383200490497
Permuted ER labels,54,0.5084542543770012
Random 11-gene set,55,0.7926766128482867
Permuted ER labels,55,0.4886368281218067
Random 11-gene set,56,0.8661829824919953
Permuted ER labels,56,0.5283125553511819
Random 11-gene set,57,0.8570066080795694
Permuted ER labels,57,0.5244226445943183
Random 11-gene set,58,0.8918046188432455
Permuted ER labels,58,0.49342598269636895
Random 11-gene set,59,0.7757953539069418
Permuted ER labels,59,0.4768104094284352
Random 11-gene set,60,0.7933033585394099
Permuted ER labels,60,0.4929218611622046
Random 11-gene set,61,0.7839157980788882
Permuted ER labels,61,0.45533755705429524
Random 11-gene set,62,0.8912596225900947
Permuted ER labels,62,0.4712241978336399
Random 11-gene set,63,0.852762449758158
Permuted ER labels,63,0.5343824511206485
Random 11-gene set,64,0.8558348661352955
Permuted ER labels,64,0.46565842359833776
Random 11-gene set,65,0.8126098508072757
Permuted ER labels,65,0.5218679746576742
Random 11-gene set,66,0.9134886572654812
Permuted ER labels,66,0.5222971592070305
Random 11-gene set,67,0.8476326725253764
Permuted ER labels,67,0.5009333060835207
Random 11-gene set,68,0.800299747939233
Permuted ER labels,68,0.4697390830438041
Random 11-gene set,69,0.8421213979153894
Permuted ER labels,69,0.4883643299952313
Random 11-gene set,70,0.8423870835888003
Permuted ER labels,70,0.4879828326180258
Random 11-gene set,71,0.8564684242795833
Permuted ER labels,71,0.5061720825669324
Random 11-gene set,72,0.8688739014919273
Permuted ER labels,72,0.4423530213229784
Random 11-gene set,73,0.8471694257101983
Permuted ER labels,73,0.5786225219701615
Random 11-gene set,74,0.8495333469582396
Permuted ER labels,74,0.47260712582600994
Random 11-gene set,75,0.7941753525444513
Permuted ER labels,75,0.5444580693507732
Random 11-gene set,76,0.817133319708427
Permuted ER labels,76,0.5186524967640848
Random 11-gene set,77,0.8844267320662171
Permuted ER labels,77,0.44478506710266363
Random 11-gene set,78,0.8523060153961443
Permuted ER labels,78,0.5012534913822466
Random 11-gene set,79,0.8866339668914777
Permuted ER labels,79,0.5547993732543088
Random 11-gene set,80,0.8744124259145718
Permuted ER labels,80,0.4659172968185844
Random 11-gene set,81,0.8407657197356768
Permuted ER labels,81,0.5116152326452755
Random 11-gene set,82,0.7630492540363785
Permuted ER labels,82,0.5376524286395532
Random 11-gene set,83,0.8579876013352409
Permuted ER labels,83,0.514687649022413
Random 11-gene set,84,0.8062947067238913
Permuted ER labels,84,0.48339123918523064
Random 11-gene set,85,0.7982423870835889
Permuted ER labels,85,0.5183868110906737
Random 11-gene set,86,0.8332107091763745
Permuted ER labels,86,0.47420805231964025
Random 11-gene set,87,0.8280264323182778
Permuted ER labels,87,0.5012330540227536
Random 11-gene set,88,0.8273724368144969
Permuted ER labels,88,0.5135499693439607
Random 11-gene set,89,0.8132979085768784
Permuted ER labels,89,0.48933169834457396
Random 11-gene set,90,0.8724708767627223
Permuted ER labels,90,0.5111724231895906
Random 11-gene set,91,0.8687921520539547
Permuted ER labels,91,0.5027181688125895
Random 11-gene set,92,0.8776824034334765
Permuted ER labels,92,0.47264118809183187
Random 11-gene set,93,0.8081749437972614
Permuted ER labels,93,0.5101096804959466
Random 11-gene set,94,0.8257306356018803
Permuted ER labels,94,0.5194223039716602
Random 11-gene set,95,0.8373254308876628
Permuted ER labels,95,0.4894134477825465
Random 11-gene set,96,0.7575720416922134
Permuted ER labels,96,0.49811976292662985
Random 11-gene set,97,0.7666939164793242
Permuted ER labels,97,0.47413311533483204
Random 11-gene set,98,0.8467198038013489
Permuted ER labels,98,0.4666802915729954
Random 11-gene set,99,0.8278220587233461
Permuted ER labels,99,0.5504666530417603
Random 11-gene set,100,0.8237754615437021
Permuted ER labels,100,0.4889502009673683
Random 11-gene set,101,0.8439198855507869
Permuted ER labels,101,0.5627699434566387
Random 11-gene set,102,0.8448940663532938
Permuted ER labels,102,0.5173581306628516
Random 11-gene set,103,0.8694870222767218
Permuted ER labels,103,0.5035288507391511
Random 11-gene set,104,0.8265140677157845
Permuted ER labels,104,0.4597929014238027
Random 11-gene set,105,0.8399005381838
Permuted ER labels,105,0.47726003133728456
Random 11-gene set,106,0.7899993187546835
Permuted ER labels,106,0.4655153620818857
Random 11-gene set,107,0.7800122624156959
Permuted ER labels,107,0.5008788064582056
Random 11-gene set,108,0.7958852782887118
Permuted ER labels,108,0.5235710879487704
Random 11-gene set,109,0.8035220382859868
Permuted ER labels,109,0.5281967436473873
Random 11-gene set,110,0.8120784794604538
Permuted ER labels,110,0.47535254445125685
Random 11-gene set,111,0.8710061993323797
Permuted ER labels,111,0.49033312895973846
Random 11-gene set,112,0.8713604468969276
Permuted ER labels,112,0.42810136930308607
Random 11-gene set,113,0.8369711833231147
Permuted ER labels,113,0.5360855644117446
Random 11-gene set,114,0.7586211594795286
Permuted ER labels,114,0.5566659854213503
Random 11-gene set,115,0.809251311397234
Permuted ER labels,115,0.4707337012058042
Random 11-gene set,116,0.817630628789427
Permuted ER labels,116,0.4883575175420669
Random 11-gene set,117,0.8004564343620137
Permuted ER labels,117,0.5181892499489067
Random 11-gene set,118,0.8509298998569386
Permuted ER labels,118,0.4710334491450371
Random 11-gene set,119,0.8905306901015057
Permuted ER labels,119,0.49111656107364265
Random 11-gene set,120,0.8946930989849445
Permuted ER labels,120,0.4902241297091082
Random 11-gene set,121,0.8695551468083658
Permuted ER labels,121,0.5051297772327815
Random 11-gene set,122,0.8636215001021867
Permuted ER labels,122,0.5080386947339737
Random 11-gene set,123,0.8236187751209211
Permuted ER labels,123,0.5267116288575516
Random 11-gene set,124,0.8327951495333469
Permuted ER labels,124,0.47665372300565434
Random 11-gene set,125,0.837863614687649
Permuted ER labels,125,0.5024933578581647
Random 11-gene set,126,0.8109135499693438
Permuted ER labels,126,0.46798828258055725
Random 11-gene set,127,0.8232781524627019
Permuted ER labels,127,0.4320185298726071
Random 11-gene set,128,0.8896518836432998
Permuted ER labels,128,0.5480822944342257
Random 11-gene set,129,0.8510388991075687
Permuted ER labels,129,0.5207916070577014
Random 11-gene set,130,0.854533687580898
Permuted ER labels,130,0.5321275291232372
Random 11-gene set,131,0.9018461748075481
Permuted ER labels,131,0.5584235983377615
Random 11-gene set,132,0.8261802575107297
Permuted ER labels,132,0.5723618775120921
Random 11-gene set,133,0.7779617140132161
Permuted ER labels,133,0.5493017235506505
Random 11-gene set,134,0.844805504462157
Permuted ER labels,134,0.5271135635942503
Random 11-gene set,135,0.8065058927719871
Permuted ER labels,135,0.44451938142925274
Random 11-gene set,136,0.8776551536208188
Permuted ER labels,136,0.5269228149056475
Random 11-gene set,137,0.8194631786906467
Permuted ER labels,137,0.4801485114789836
Random 11-gene set,138,0.8208597315893453
Permuted ER labels,138,0.4777300906056271
Random 11-gene set,139,0.8591457183731861
Permuted ER labels,139,0.492540363784999
Random 11-gene set,140,0.8371959942775393
Permuted ER labels,140,0.4625042577832278
Random 11-gene set,141,0.8055317119694803
Permuted ER labels,141,0.5133387832958649
Random 11-gene set,142,0.8434362013761156
Permuted ER labels,142,0.5101846174807548
Random 11-gene set,143,0.7494311601607739
Permuted ER labels,143,0.4978132025342326
Random 11-gene set,144,0.8515702704543907
Permuted ER labels,144,0.5185639348729477
Random 11-gene set,145,0.8123032904148785
Permuted ER labels,145,0.4682062810818176
Random 11-gene set,146,0.7753934191702432
Permuted ER labels,146,0.5083180053137135
Random 11-gene set,147,0.8163975747666734
Permuted ER labels,147,0.5560119899175693
Random 11-gene set,148,0.8948497854077252
Permuted ER labels,148,0.4287894270726889
Random 11-gene set,149,0.8900538183799986
Permuted ER labels,149,0.48283261802575106
Random 11-gene set,150,0.875550105593024
Permuted ER labels,150,0.5007289324885892
Random 11-gene set,151,0.8672252878261462
Permuted ER labels,151,0.5121670413515906
Random 11-gene set,152,0.8386129845357312
Permuted ER labels,152,0.5152598950882212
Random 11-gene set,153,0.8509367123101028
Permuted ER labels,153,0.43481163567000475
Random 11-gene set,154,0.8765924109271749
Permuted ER labels,154,0.4340145786497718
Random 11-gene set,155,0.8135090946249744
Permuted ER labels,155,0.5157435792628926
Random 11-gene set,156,0.7718100688057771
Permuted ER labels,156,0.5036582873492744
Random 11-gene set,157,0.8752367327474624
Permuted ER labels,157,0.4844539818788746
Random 11-gene set,158,0.8794604537093808
Permuted ER labels,158,0.4865999046256556
Random 11-gene set,159,0.8079705702023299
Permuted ER labels,159,0.537754615437019
Random 11-gene set,160,0.77537298181075
Permuted ER labels,160,0.48910007493698476
Random 11-gene set,161,0.8153212071667008
Permuted ER labels,161,0.46403705974521425
Random 11-gene set,162,0.7101369303086041
Permuted ER labels,162,0.5251652019892363
Random 11-gene set,163,0.80896518836433
Permuted ER labels,163,0.4513931466721166
Random 11-gene set,164,0.7991893180734383
Permuted ER labels,164,0.5108658627971934
Random 11-gene set,165,0.8792424552081204
Permuted ER labels,165,0.43080591320934664
Random 11-gene set,166,0.7738197424892703
Permuted ER labels,166,0.5348933851079773
Random 11-gene set,167,0.8752503576537911
Permuted ER labels,167,0.5175284419919614
Random 11-gene set,168,0.7888412017167382
Permuted ER labels,168,0.4300633558144288
Random 11-gene set,169,0.8284488044144698
Permuted ER labels,169,0.49296954833435525
Random 11-gene set,170,0.8174603174603174
Permuted ER labels,170,0.4864159683902173
Random 11-gene set,171,0.6631514408338444
Permuted ER labels,171,0.4609373935554193
Random 11-gene set,172,0.8152735199945501
Permuted ER labels,172,0.5316506574017303
Random 11-gene set,173,0.8223516588323455
Permuted ER labels,173,0.5434021391102937
Random 11-gene set,174,0.7591048436541998
Permuted ER labels,174,0.480863819061244
Random 11-gene set,175,0.8680768444716942
Permuted ER labels,175,0.43795217657878605
Random 11-gene set,176,0.811145173376933
Permuted ER labels,176,0.4940799782001498
Random 11-gene set,177,0.8306696641460589
Permuted ER labels,177,0.45987465086177537
Random 11-gene set,178,0.8849512909598747
Permuted ER labels,178,0.5206212957285918
Random 11-gene set,179,0.8359901900674431
Permuted ER labels,179,0.5309694120852919
Random 11-gene set,180,0.8494311601607739
Permuted ER labels,180,0.475938415423394
Random 11-gene set,181,0.7976565161114517
Permuted ER labels,181,0.5062402070985762
Random 11-gene set,182,0.707371074323864
Permuted ER labels,182,0.5287281149942094
Random 11-gene set,183,0.7679337829552422
Permuted ER labels,183,0.49684583418489003
Random 11-gene set,184,0.8694665849172286
Permuted ER labels,184,0.5126166632604401
Random 11-gene set,185,0.8558689284011173
Permuted ER labels,185,0.474432863274065
Random 11-gene set,186,0.8996661897949453
Permuted ER labels,186,0.4678043463451189
Random 11-gene set,187,0.8065672048504666
Permuted ER labels,187,0.4488452891886368
Random 11-gene set,188,0.8754819810613803
Permuted ER labels,188,0.5327270250017031
Random 11-gene set,189,0.8025274201239867
Permuted ER labels,189,0.5127188500579059
Random 11-gene set,190,0.8613597656516112
Permuted ER labels,190,0.49985012603038353
Random 11-gene set,191,0.8253082635056883
Permuted ER labels,191,0.5523741399277879
Random 11-gene set,192,0.766618979494516
Permuted ER labels,192,0.5065876422099598
Random 11-gene set,193,0.7833708018257375
Permuted ER labels,193,0.5106274269364398
Random 11-gene set,194,0.7969684583418488
Permuted ER labels,194,0.4670958512160228
Random 11-gene set,195,0.8536140064037061
Permuted ER labels,195,0.5192656175488793
Random 11-gene set,196,0.8005041215341645
Permuted ER labels,196,0.4993732543088766
Random 11-gene set,197,0.9107432386402343
Permuted ER labels,197,0.4806662579194768
Random 11-gene set,198,0.8359629402547858
Permuted ER labels,198,0.5073233871517133
Random 11-gene set,199,0.7773349683220927
Permuted ER labels,199,0.4903876285850534
Random 11-gene set,200,0.8085291913618095
Permuted ER labels,200,0.5056270863137816
Random 11-gene set,201,0.8649839907350638
Permuted ER labels,201,0.4931739219292867
Random 11-gene set,202,0.8011036174126303
Permuted ER labels,202,0.5280945568499217
Random 11-gene set,203,0.8611077048845288
Permuted ER labels,203,0.5146399618502623
Random 11-gene set,204,0.8536821309353497
Permuted ER labels,204,0.5329654608624566
Random 11-gene set,205,0.8571087948770353
Permuted ER labels,205,0.47061788950200967
Random 11-gene set,206,0.7980107636759997
Permuted ER labels,206,0.5012194291164248
Random 11-gene set,207,0.8169153212071667
Permuted ER labels,207,0.5381088630015669
Random 11-gene set,208,0.8245384562981131
Permuted ER labels,208,0.44644730567477353
Random 11-gene set,209,0.8711969480209822
Permuted ER labels,209,0.5462156822671844
Random 11-gene set,210,0.8674364738742422
Permuted ER labels,210,0.4963485251038899
Random 11-gene set,211,0.859813338783296
Permuted ER labels,211,0.4818652496764085
Random 11-gene set,212,0.8063696437086996
Permuted ER labels,212,0.48224674705361403
Random 11-gene set,213,0.7929218611622044
Permuted ER labels,213,0.42401389740445533
Random 11-gene set,214,0.8307377886777028
Permuted ER labels,214,0.49257442605082097
Random 11-gene set,215,0.8238572109816745
Permuted ER labels,215,0.49463178690646503
Random 11-gene set,216,0.8609578309149124
Permuted ER labels,216,0.47424211458546217
Random 11-gene set,217,0.8277607466448669
Permuted ER labels,217,0.505456774984672
Random 11-gene set,218,0.778063900810682
Permuted ER labels,218,0.4706383268615028
Random 11-gene set,219,0.8303971660194837
Permuted ER labels,219,0.46065127052251514
Random 11-gene set,220,0.8345187001839361
Permuted ER labels,220,0.4650384903603788
Random 11-gene set,221,0.8896041964711492
Permuted ER labels,221,0.5527760746644867
Random 11-gene set,222,0.7853191634307515
Permuted ER labels,222,0.4646229307173513
Random 11-gene set,223,0.9009128687240275
Permuted ER labels,223,0.4572177941276654
Random 11-gene set,224,0.7960283398051637
Permuted ER labels,224,0.5141222154097691
Random 11-gene set,225,0.876715035084134
Permuted ER labels,225,0.495251720144424
Random 11-gene set,226,0.7429729545609373
Permuted ER labels,226,0.4709789495197221
Random 11-gene set,227,0.8232781524627019
Permuted ER labels,227,0.44507800258873226
Random 11-gene set,228,0.8358471285509912
Permuted ER labels,228,0.5315075958852782
Random 11-gene set,229,0.8161455139995913
Permuted ER labels,229,0.4760337897676954
Random 11-gene set,230,0.8079705702023299
Permuted ER labels,230,0.5268478779208392
Random 11-gene set,231,0.8060698957694666
Permuted ER labels,231,0.5137339055793991
Random 11-gene set,232,0.802500170311329
Permuted ER labels,232,0.5111247360174399
Random 11-gene set,233,0.837543429388923
Permuted ER labels,233,0.541848899788814
Random 11-gene set,234,0.8899311942230397
Permuted ER labels,234,0.5729204986715717
Random 11-gene set,235,0.9027590435315758
Permuted ER labels,235,0.44717623816336266
Random 11-gene set,236,0.8738061175829416
Permuted ER labels,236,0.5002248109544246
Random 11-gene set,237,0.8527488248518292
Permuted ER labels,237,0.485400912868724
Random 11-gene set,238,0.8346413243408952
Permuted ER labels,238,0.4566046733428708
Random 11-gene set,239,0.8518018938619796
Permuted ER labels,239,0.5200286123032904
Random 11-gene set,240,0.8510184617480755
Permuted ER labels,240,0.47792765174739427
Random 11-gene set,241,0.8276449349410723
Permuted ER labels,241,0.5000544996253151
Random 11-gene set,242,0.7998910007493699
Permuted ER labels,242,0.5004564343620137
Random 11-gene set,243,0.8012739287417399
Permuted ER labels,243,0.4776347162613257
Random 11-gene set,244,0.8274405613461406
Permuted ER labels,244,0.48811908168131346
Random 11-gene set,245,0.7869882144560254
Permuted ER labels,245,0.5170992574426051
Random 11-gene set,246,0.8763675999727503
Permuted ER labels,246,0.543197765515362
Random 11-gene set,247,0.8494720348797602
Permuted ER labels,247,0.5368621840724845
Random 11-gene set,248,0.8660058587097215
Permuted ER labels,248,0.5365283738674297
Random 11-gene set,249,0.824892703862661
Permuted ER labels,249,0.46693916479324205
Random 11-gene set,250,0.8226786565842359
Permuted ER labels,250,0.4766264731929968
Random 11-gene set,251,0.8524763267252538
Permuted ER labels,251,0.4297431705157027
Random 11-gene set,252,0.7961850262279447
Permuted ER labels,252,0.4707950132842837
Random 11-gene set,253,0.7778867770284078
Permuted ER labels,253,0.4967027726684379
Random 11-gene set,254,0.7975338919544928
Permuted ER labels,254,0.48471285509912115
Random 11-gene set,255,0.7593296546086246
Permuted ER labels,255,0.5183118741058654
Random 11-gene set,256,0.8343756386674841
Permuted ER labels,256,0.49989781320253424
Random 11-gene set,257,0.8425165201989236
Permuted ER labels,257,0.5171469446147557
Random 11-gene set,258,0.865345050752776
Permuted ER labels,258,0.5420532733837454
Random 11-gene set,259,0.8139859663464813
Permuted ER labels,259,0.5071667007289324
Random 11-gene set,260,0.8662851692894612
Permuted ER labels,260,0.4994413788405204
Random 11-gene set,261,0.8174466925539887
Permuted ER labels,261,0.49856257238231483
Random 11-gene set,262,0.8655902990666938
Permuted ER labels,262,0.5111656107364262
Random 11-gene set,263,0.8229920294297977
Permuted ER labels,263,0.48412698412698413
Random 11-gene set,264,0.8324272770624702
Permuted ER labels,264,0.4864772804686968
Random 11-gene set,265,0.8310988486954152
Permuted ER labels,265,0.49752026704816404
Random 11-gene set,266,0.7909871244635194
Permuted ER labels,266,0.5172082566932352
Random 11-gene set,267,0.7780366509980243
Permuted ER labels,267,0.5505688398392261
Random 11-gene set,268,0.8095306219769739
Permuted ER labels,268,0.5401389740445535
Random 11-gene set,269,0.7799577627903809
Permuted ER labels,269,0.5089311260985081
Random 11-gene set,270,0.8815314394713537
Permuted ER labels,270,0.5042441583214116
Random 11-gene set,271,0.7587982832618025
Permuted ER labels,271,0.48623203215477895
Random 11-gene set,272,0.852374139927788
Permuted ER labels,272,0.5479324204646093
Random 11-gene set,273,0.7458137475304857
Permuted ER labels,273,0.4910893112609851
Random 11-gene set,274,0.8313440970093332
Permuted ER labels,274,0.5210027931057974
Random 11-gene set,275,0.8200081749437973
Permuted ER labels,275,0.4567545473124872
Random 11-gene set,276,0.8462224947203487
Permuted ER labels,276,0.4497104707405137
Random 11-gene set,277,0.8954560937393556
Permuted ER labels,277,0.534443763199128
Random 11-gene set,278,0.9021867974657676
Permuted ER labels,278,0.513856529736358
Random 11-gene set,279,0.8345459499965939
Permuted ER labels,279,0.5594454663124191
Random 11-gene set,280,0.8453096259963213
Permuted ER labels,280,0.4697322705906397
Random 11-gene set,281,0.8666666666666667
Permuted ER labels,281,0.49726139382791745
Random 11-gene set,282,0.8214932897336331
Permuted ER labels,282,0.4961577764152872
Random 11-gene set,283,0.8667007289324886
Permuted ER labels,283,0.5169766332856461
Random 11-gene set,284,0.8297227331562096
Permuted ER labels,284,0.5205736085564412
Random 11-gene set,285,0.8547244362695006
Permuted ER labels,285,0.506076708222631
Random 11-gene set,286,0.8224810954424688
Permuted ER labels,286,0.4322978404523469
Random 11-gene set,287,0.8807956945296
Permuted ER labels,287,0.5306424143334014
Random 11-gene set,288,0.8744601130867226
Permuted ER labels,288,0.4954560937393555
Random 11-gene set,289,0.8211799168880713
Permuted ER labels,289,0.5019211117923564
Random 11-gene set,290,0.8429252673887868
Permuted ER labels,290,0.5120921043667824
Random 11-gene set,291,0.8051434021391102
Permuted ER labels,291,0.5358880032699775
Random 11-gene set,292,0.8465631173785682
Permuted ER labels,292,0.47737584304107905
Random 11-gene set,293,0.8434157640166224
Permuted ER labels,293,0.48664759179780637
Random 11-gene set,294,0.8646842427958308
Permuted ER labels,294,0.5389127324749643
Random 11-gene set,295,0.7962395258532597
Permuted ER labels,295,0.506751141085905
Random 11-gene set,296,0.7577832277403093
Permuted ER labels,296,0.5224879078956332
Random 11-gene set,297,0.8864500306560392
Permuted ER labels,297,0.5261802575107296
Random 11-gene set,298,0.8703317664691056
Permuted ER labels,298,0.5205054840247973
Random 11-gene set,299,0.7971047074051367
Permuted ER labels,299,0.49050344028884807
Random 11-gene set,300,0.8637236868996526
Permuted ER labels,300,0.46101914299339186
